Predecessors	Service Category	Task Name	Assignments	Pln Hrs	Planned Revenue	Duration	Start On	Due On	% Complete	Actual Hours	Actual Revenue	EAC
		Creative Strategy / Campaign Plan Deck		1272 Hours	$0	195 Days	4/23/26	2/3/27	0%	0 Hours	$0	1,272
		Creative Strategy / Campaign Plan Deck		424 Hours	$0	89 Days	4/23/26	8/28/26	0%	0 Hours	$0	424
2		Activation Ideas		29 Hours	$0	3.62 Days	8/28/26	9/3/26	0%	0 Hours	$0	29
3		Idea Write-Ups		0 Hours	$0	0 Days	9/3/26	9/3/26	0%	0 Hours	$0	0
4		Idea Write-Ups		3 Hours	$0	0.38 Days	9/3/26	9/3/26	0%	0 Hours	$0	3
5		Idea Write-Ups		2 Hours	$0	0.25 Days	9/3/26	9/3/26	0%	0 Hours	$0	2
6		Idea Write-Ups		11 Hours	$0	1.38 Days	9/3/26	9/5/26	0%	0 Hours	$0	11
7		Idea Write-Ups		9 Hours	$0	1.12 Days	9/5/26	9/9/26	0%	0 Hours	$0	9
8		Internal Review & Critique		0 Hours	$0	0 Days	9/9/26	9/9/26	0%	0 Hours	$0	0
9		Internal Review & Critique		1 Hour	$0	0.12 Days	9/9/26	9/9/26	0%	0 Hours	$0	1
10		Client Review & Revisions		0 Hours	$0	0 Days	9/9/26	9/9/26	0%	0 Hours	$0	0
11		Client Review & Revisions		1 Hour	$0	0.12 Days	9/9/26	9/9/26	0%	0 Hours	$0	1
12		Client Review & Revisions		1 Hour	$0	0.12 Days	9/9/26	9/9/26	0%	0 Hours	$0	1
13		Client Review & Revisions		1 Hour	$0	0.12 Days	9/9/26	9/9/26	0%	0 Hours	$0	1
14		Art Direction		21 Hours	$0	2.62 Days	9/9/26	9/12/26	0%	0 Hours	$0	21
15		Moodboards & References		0 Hours	$0	0 Days	9/12/26	9/12/26	0%	0 Hours	$0	0
16		Moodboards & References		2 Hours	$0	0.25 Days	9/12/26	9/14/26	0%	0 Hours	$0	2
17		Moodboards & References		12 Hours	$0	1.5 Days	9/14/26	9/16/26	0%	0 Hours	$0	12
18		Moodboards & References		4 Hours	$0	0.5 Days	9/16/26	9/16/26	0%	0 Hours	$0	4
19		Internal Review & Critique		0 Hours	$0	0 Days	9/16/26	9/16/26	0%	0 Hours	$0	0
20		Internal Review & Critique		1 Hour	$0	0.12 Days	9/16/26	9/16/26	0%	0 Hours	$0	1
21		Client Review & Revisions		0 Hours	$0	0 Days	9/16/26	9/16/26	0%	0 Hours	$0	0
22		Client Review & Revisions		1 Hour	$0	0.12 Days	9/16/26	9/17/26	0%	0 Hours	$0	1
23		Client Review & Revisions		1 Hour	$0	0.12 Days	9/17/26	9/17/26	0%	0 Hours	$0	1
24		Brand Approach for Campaign Period		23 Hours	$0	2.88 Days	9/17/26	9/22/26	0%	0 Hours	$0	23
25		Approach Outline		0 Hours	$0	0 Days	9/22/26	9/22/26	0%	0 Hours	$0	0
26		Approach Outline		11 Hours	$0	1.38 Days	9/22/26	9/23/26	0%	0 Hours	$0	11
27		Approach Outline		9 Hours	$0	1.12 Days	9/23/26	9/24/26	0%	0 Hours	$0	9
28		Internal Review & Critique		0 Hours	$0	0 Days	9/24/26	9/24/26	0%	0 Hours	$0	0
29		Internal Review & Critique		1 Hour	$0	0.12 Days	9/24/26	9/24/26	0%	0 Hours	$0	1
30		Client Review & Revisions		0 Hours	$0	0 Days	9/24/26	9/24/26	0%	0 Hours	$0	0
31		Client Review & Revisions		1 Hour	$0	0.12 Days	9/24/26	9/24/26	0%	0 Hours	$0	1
32		Client Review & Revisions		1 Hour	$0	0.12 Days	9/24/26	9/24/26	0%	0 Hours	$0	1
33		Campaign Roll-Out/Launch Road Map		22 Hours	$0	2.75 Days	9/24/26	9/29/26	0%	0 Hours	$0	22
34		Phasing & Milestones		0 Hours	$0	0 Days	9/29/26	9/29/26	0%	0 Hours	$0	0
35		Phasing & Milestones		12 Hours	$0	1.5 Days	9/29/26	10/1/26	0%	0 Hours	$0	12
36		Phasing & Milestones		3 Hours	$0	0.38 Days	10/1/26	10/1/26	0%	0 Hours	$0	3
37		Phasing & Milestones		4 Hours	$0	0.5 Days	10/1/26	10/2/26	0%	0 Hours	$0	4
38		Internal Review & Critique		0 Hours	$0	0 Days	10/2/26	10/2/26	0%	0 Hours	$0	0
39		Internal Review & Critique		1 Hour	$0	0.12 Days	10/2/26	10/2/26	0%	0 Hours	$0	1
40		Client Review & Revisions		0 Hours	$0	0 Days	10/2/26	10/2/26	0%	0 Hours	$0	0
41		Client Review & Revisions		1 Hour	$0	0.12 Days	10/2/26	10/2/26	0%	0 Hours	$0	1
42		Client Review & Revisions		1 Hour	$0	0.12 Days	10/2/26	10/2/26	0%	0 Hours	$0	1
43		Content Plan		27 Hours	$0	3.38 Days	10/2/26	10/7/26	0%	0 Hours	$0	27
44		Calendar Draft		0 Hours	$0	0 Days	10/7/26	10/7/26	0%	0 Hours	$0	0
45		Calendar Draft		6 Hours	$0	0.75 Days	10/7/26	10/8/26	0%	0 Hours	$0	6
46		Calendar Draft		12 Hours	$0	1.5 Days	10/8/26	10/10/26	0%	0 Hours	$0	12
47		Calendar Draft		1 Hour	$0	0.12 Days	10/10/26	10/10/26	0%	0 Hours	$0	1
48		Calendar Draft		4 Hours	$0	0.5 Days	10/10/26	10/10/26	0%	0 Hours	$0	4
49		Internal Review & Critique		0 Hours	$0	0 Days	10/10/26	10/10/26	0%	0 Hours	$0	0
50		Internal Review & Critique		1 Hour	$0	0.12 Days	10/13/26	10/13/26	0%	0 Hours	$0	1
51		Client Review & Revisions		0 Hours	$0	0 Days	10/13/26	10/13/26	0%	0 Hours	$0	0
52		Client Review & Revisions		1 Hour	$0	0.12 Days	10/13/26	10/13/26	0%	0 Hours	$0	1
53		Client Review & Revisions		1 Hour	$0	0.12 Days	10/13/26	10/14/26	0%	0 Hours	$0	1
54		Client Review & Revisions		1 Hour	$0	0.12 Days	10/14/26	10/14/26	0%	0 Hours	$0	1
55		Content Production Shoot Approach		19 Hours	$0	2.38 Days	10/14/26	10/16/26	0%	0 Hours	$0	19
56		Final Packaging		0 Hours	$0	0 Days	10/16/26	10/16/26	0%	0 Hours	$0	0
57		Final Packaging		12 Hours	$0	1.5 Days	10/16/26	10/20/26	0%	0 Hours	$0	12
58		Shoot Approach & Logistics		0 Hours	$0	0 Days	10/20/26	10/20/26	0%	0 Hours	$0	0
59		Shoot Approach & Logistics		1 Hour	$0	0.12 Days	10/20/26	10/20/26	0%	0 Hours	$0	1
60		Shoot Approach & Logistics		2 Hours	$0	0.25 Days	10/20/26	10/20/26	0%	0 Hours	$0	2
61		Shoot Approach & Logistics		1 Hour	$0	0.12 Days	10/20/26	10/20/26	0%	0 Hours	$0	1
62		Internal Review & Critique		0 Hours	$0	0 Days	10/20/26	10/20/26	0%	0 Hours	$0	0
63		Internal Review & Critique		1 Hour	$0	0.12 Days	10/20/26	10/20/26	0%	0 Hours	$0	1
64		Client Review & Revisions		0 Hours	$0	0 Days	10/20/26	10/20/26	0%	0 Hours	$0	0
65		Client Review & Revisions		1 Hour	$0	0.12 Days	10/20/26	10/20/26	0%	0 Hours	$0	1
66		Client Review & Revisions		1 Hour	$0	0.12 Days	10/20/26	10/20/26	0%	0 Hours	$0	1
67		Content Types across Full Funnel		27 Hours	$0	3.38 Days	10/20/26	10/24/26	0%	0 Hours	$0	27
68		Content Type Matrix		0 Hours	$0	0 Days	10/24/26	10/24/26	0%	0 Hours	$0	0
69		Content Type Matrix		3 Hours	$0	0.38 Days	10/24/26	10/24/26	0%	0 Hours	$0	3
70		Content Type Matrix		11 Hours	$0	1.38 Days	10/26/26	10/28/26	0%	0 Hours	$0	11
71		Content Type Matrix		9 Hours	$0	1.12 Days	10/28/26	10/29/26	0%	0 Hours	$0	9
72		Internal Review & Critique		0 Hours	$0	0 Days	10/29/26	10/29/26	0%	0 Hours	$0	0
73		Internal Review & Critique		1 Hour	$0	0.12 Days	10/29/26	10/29/26	0%	0 Hours	$0	1
74		Client Review & Revisions		0 Hours	$0	0 Days	10/29/26	10/29/26	0%	0 Hours	$0	0
75		Client Review & Revisions		1 Hour	$0	0.12 Days	10/29/26	10/29/26	0%	0 Hours	$0	1
76		Client Review & Revisions		1 Hour	$0	0.12 Days	10/29/26	10/29/26	0%	0 Hours	$0	1
77		Client Review & Revisions		1 Hour	$0	0.12 Days	10/29/26	10/29/26	0%	0 Hours	$0	1
78		Copy Bank		12 Hours	$0	1.5 Days	10/29/26	10/31/26	0%	0 Hours	$0	12
79		Copy Examples (Headlines/Captions/CTAs)		0 Hours	$0	0 Days	10/31/26	10/31/26	0%	0 Hours	$0	0
80		Copy Examples (Headlines/Captions/CTAs)		3 Hours	$0	0.38 Days	10/31/26	10/31/26	0%	0 Hours	$0	3
81		Copy Examples (Headlines/Captions/CTAs)		6 Hours	$0	0.75 Days	10/31/26	11/3/26	0%	0 Hours	$0	6
82		Internal Review & Critique		0 Hours	$0	0 Days	11/3/26	11/3/26	0%	0 Hours	$0	0
83		Internal Review & Critique		1 Hour	$0	0.12 Days	11/3/26	11/3/26	0%	0 Hours	$0	1
84		Client Review & Revisions		0 Hours	$0	0 Days	11/3/26	11/3/26	0%	0 Hours	$0	0
85		Client Review & Revisions		1 Hour	$0	0.12 Days	11/3/26	11/3/26	0%	0 Hours	$0	1
86		Client Review & Revisions		1 Hour	$0	0.12 Days	11/3/26	11/3/26	0%	0 Hours	$0	1
87		Customer Journey		19 Hours	$0	2.38 Days	11/3/26	11/6/26	0%	0 Hours	$0	19
88		Journey Mapping		0 Hours	$0	0 Days	11/6/26	11/6/26	0%	0 Hours	$0	0
89		Journey Mapping		12 Hours	$0	1.5 Days	11/6/26	11/7/26	0%	0 Hours	$0	12
90		Journey Mapping		4 Hours	$0	0.5 Days	11/7/26	11/10/26	0%	0 Hours	$0	4
91		Internal Review & Critique		0 Hours	$0	0 Days	11/10/26	11/10/26	0%	0 Hours	$0	0
92		Internal Review & Critique		1 Hour	$0	0.12 Days	11/10/26	11/10/26	0%	0 Hours	$0	1
93		Client Review & Revisions		0 Hours	$0	0 Days	11/10/26	11/10/26	0%	0 Hours	$0	0
94		Client Review & Revisions		1 Hour	$0	0.12 Days	11/10/26	11/10/26	0%	0 Hours	$0	1
95		Client Review & Revisions		1 Hour	$0	0.12 Days	11/10/26	11/10/26	0%	0 Hours	$0	1
96		High-Fidelity Organic Social Mock-Ups		20 Hours	$0	2.5 Days	11/10/26	11/14/26	0%	0 Hours	$0	20
97		Concept & Layouts (3-4 ex.)		0 Hours	$0	0 Days	11/14/26	11/14/26	0%	0 Hours	$0	0
98		Concept & Layouts (3-4 ex.)		3 Hours	$0	0.38 Days	11/14/26	11/14/26	0%	0 Hours	$0	3
99		Concept & Layouts (3-4 ex.)		2 Hours	$0	0.25 Days	11/14/26	11/14/26	0%	0 Hours	$0	2
100		Concept & Layouts (3-4 ex.)		11 Hours	$0	1.38 Days	11/14/26	11/18/26	0%	0 Hours	$0	11
101		Internal Review & Critique		0 Hours	$0	0 Days	11/18/26	11/18/26	0%	0 Hours	$0	0
102		Internal Review & Critique		1 Hour	$0	0.12 Days	11/18/26	11/18/26	0%	0 Hours	$0	1
103		Client Review & Revisions		0 Hours	$0	0 Days	11/18/26	11/18/26	0%	0 Hours	$0	0
104		Client Review & Revisions		1 Hour	$0	0.12 Days	11/18/26	11/18/26	0%	0 Hours	$0	1
105		Client Review & Revisions		1 Hour	$0	0.12 Days	11/18/26	11/18/26	0%	0 Hours	$0	1
106		Client Review & Revisions		1 Hour	$0	0.12 Days	11/18/26	11/18/26	0%	0 Hours	$0	1
107		High-Fidelity Paid Media Mock-Ups		20 Hours	$0	2.5 Days	11/18/26	11/21/26	0%	0 Hours	$0	20
108		Concept & Layouts (3-4 ex.)		0 Hours	$0	0 Days	11/21/26	11/21/26	0%	0 Hours	$0	0
109		Concept & Layouts (3-4 ex.)		3 Hours	$0	0.38 Days	11/21/26	11/21/26	0%	0 Hours	$0	3
110		Concept & Layouts (3-4 ex.)		2 Hours	$0	0.25 Days	11/21/26	11/21/26	0%	0 Hours	$0	2
111		Concept & Layouts (3-4 ex.)		11 Hours	$0	1.38 Days	11/21/26	11/25/26	0%	0 Hours	$0	11
112		Internal Review & Critique		0 Hours	$0	0 Days	11/25/26	11/25/26	0%	0 Hours	$0	0
113		Internal Review & Critique		1 Hour	$0	0.12 Days	11/25/26	11/25/26	0%	0 Hours	$0	1
114		Client Review & Revisions		0 Hours	$0	0 Days	11/25/26	11/25/26	0%	0 Hours	$0	0
115		Client Review & Revisions		1 Hour	$0	0.12 Days	11/25/26	11/25/26	0%	0 Hours	$0	1
116		Client Review & Revisions		1 Hour	$0	0.12 Days	11/25/26	11/25/26	0%	0 Hours	$0	1
117		Client Review & Revisions		1 Hour	$0	0.12 Days	11/25/26	11/25/26	0%	0 Hours	$0	1
118		Influencer Partnership Approach		23 Hours	$0	2.88 Days	11/25/26	12/1/26	0%	0 Hours	$0	23
119		Outreach & Compensation Framework		0 Hours	$0	0 Days	12/1/26	12/1/26	0%	0 Hours	$0	0
120		Outreach & Compensation Framework		1 Hour	$0	0.12 Days	12/1/26	12/1/26	0%	0 Hours	$0	1
121		Outreach & Compensation Framework		3 Hours	$0	0.38 Days	12/1/26	12/1/26	0%	0 Hours	$0	3
122		Outreach & Compensation Framework		6 Hours	$0	0.75 Days	12/1/26	12/2/26	0%	0 Hours	$0	6
123		Outreach & Compensation Framework		9 Hours	$0	1.12 Days	12/2/26	12/3/26	0%	0 Hours	$0	9
124		Internal Review & Critique		0 Hours	$0	0 Days	12/3/26	12/3/26	0%	0 Hours	$0	0
125		Internal Review & Critique		1 Hour	$0	0.12 Days	12/3/26	12/3/26	0%	0 Hours	$0	1
126		Client Review & Revisions		0 Hours	$0	0 Days	12/3/26	12/3/26	0%	0 Hours	$0	0
127		Client Review & Revisions		1 Hour	$0	0.12 Days	12/3/26	12/4/26	0%	0 Hours	$0	1
128		Client Review & Revisions		1 Hour	$0	0.12 Days	12/4/26	12/4/26	0%	0 Hours	$0	1
129		Client Review & Revisions		1 Hour	$0	0.12 Days	12/4/26	12/4/26	0%	0 Hours	$0	1
130		Kick-Off Session		40 Hours	$0	5 Days	12/4/26	12/11/26	0%	0 Hours	$0	40
131		Agenda & Materials Prep		0 Hours	$0	0 Days	12/11/26	12/11/26	0%	0 Hours	$0	0
132		Agenda & Materials Prep		4 Hours	$0	0.5 Days	12/11/26	12/11/26	0%	0 Hours	$0	4
133		Agenda & Materials Prep		2 Hours	$0	0.25 Days	12/11/26	12/12/26	0%	0 Hours	$0	2
134		Agenda & Materials Prep		12 Hours	$0	1.5 Days	12/12/26	12/15/26	0%	0 Hours	$0	12
135		Agenda & Materials Prep		2 Hours	$0	0.25 Days	12/15/26	12/15/26	0%	0 Hours	$0	2
136		Agenda & Materials Prep		17 Hours	$0	2.12 Days	12/15/26	12/17/26	0%	0 Hours	$0	17
137		Internal Review & Critique		0 Hours	$0	0 Days	12/17/26	12/17/26	0%	0 Hours	$0	0
138		Internal Review & Critique		1 Hour	$0	0.12 Days	12/17/26	12/18/26	0%	0 Hours	$0	1
139		Client Review & Revisions		0 Hours	$0	0 Days	12/18/26	12/18/26	0%	0 Hours	$0	0
140		Client Review & Revisions		1 Hour	$0	0.12 Days	12/18/26	12/18/26	0%	0 Hours	$0	1
141		Client Review & Revisions		1 Hour	$0	0.12 Days	12/18/26	12/18/26	0%	0 Hours	$0	1
142		Messaging Framework (by Audience)		27 Hours	$0	3.38 Days	12/18/26	12/23/26	0%	0 Hours	$0	27
143		Draft Messaging		0 Hours	$0	0 Days	12/23/26	12/23/26	0%	0 Hours	$0	0
144		Draft Messaging		3 Hours	$0	0.38 Days	12/23/26	12/24/26	0%	0 Hours	$0	3
145		Draft Messaging		11 Hours	$0	1.38 Days	12/24/26	12/25/26	0%	0 Hours	$0	11
146		Draft Messaging		9 Hours	$0	1.12 Days	12/25/26	12/29/26	0%	0 Hours	$0	9
147		Internal Review & Critique		0 Hours	$0	0 Days	12/29/26	12/29/26	0%	0 Hours	$0	0
148		Internal Review & Critique		1 Hour	$0	0.12 Days	12/29/26	12/29/26	0%	0 Hours	$0	1
149		Client Review & Revisions		0 Hours	$0	0 Days	12/29/26	12/29/26	0%	0 Hours	$0	0
150		Client Review & Revisions		1 Hour	$0	0.12 Days	12/29/26	12/29/26	0%	0 Hours	$0	1
151		Client Review & Revisions		1 Hour	$0	0.12 Days	12/29/26	12/29/26	0%	0 Hours	$0	1
152		Client Review & Revisions		1 Hour	$0	0.12 Days	12/29/26	12/30/26	0%	0 Hours	$0	1
153		Platform/Channel Approach		21 Hours	$0	2.62 Days	12/30/26	1/1/27	0%	0 Hours	$0	21
154		Baseline KPIs		0 Hours	$0	0 Days	1/1/27	1/1/27	0%	0 Hours	$0	0
155		Baseline KPIs		2 Hours	$0	0.25 Days	1/1/27	1/4/27	0%	0 Hours	$0	2
156		Baseline KPIs		6 Hours	$0	0.75 Days	1/4/27	1/5/27	0%	0 Hours	$0	6
157		Baseline KPIs		9 Hours	$0	1.12 Days	1/5/27	1/6/27	0%	0 Hours	$0	9
158		Summary Slides		0 Hours	$0	0 Days	1/6/27	1/6/27	0%	0 Hours	$0	0
159		Summary Slides		1 Hour	$0	0.12 Days	1/6/27	1/6/27	0%	0 Hours	$0	1
160		Internal Review & Critique		0 Hours	$0	0 Days	1/6/27	1/6/27	0%	0 Hours	$0	0
161		Internal Review & Critique		1 Hour	$0	0.12 Days	1/6/27	1/7/27	0%	0 Hours	$0	1
162		Client Review & Revisions		0 Hours	$0	0 Days	1/7/27	1/7/27	0%	0 Hours	$0	0
163		Client Review & Revisions		1 Hour	$0	0.12 Days	1/7/27	1/7/27	0%	0 Hours	$0	1
164		Client Review & Revisions		1 Hour	$0	0.12 Days	1/7/27	1/7/27	0%	0 Hours	$0	1
165		Social Templates		23 Hours	$0	2.88 Days	1/7/27	1/12/27	0%	0 Hours	$0	23
166		Template Exploration		0 Hours	$0	0 Days	1/12/27	1/12/27	0%	0 Hours	$0	0
167		Template Exploration		2 Hours	$0	0.25 Days	1/12/27	1/12/27	0%	0 Hours	$0	2
168		Template Exploration		18 Hours	$0	2.25 Days	1/12/27	1/14/27	0%	0 Hours	$0	18
169		Internal Review & Critique		0 Hours	$0	0 Days	1/14/27	1/14/27	0%	0 Hours	$0	0
170		Internal Review & Critique		1 Hour	$0	0.12 Days	1/14/27	1/14/27	0%	0 Hours	$0	1
171		Client Review & Revisions		0 Hours	$0	0 Days	1/14/27	1/14/27	0%	0 Hours	$0	0
172		Client Review & Revisions		1 Hour	$0	0.12 Days	1/14/27	1/14/27	0%	0 Hours	$0	1
173		Client Review & Revisions		1 Hour	$0	0.12 Days	1/14/27	1/15/27	0%	0 Hours	$0	1
174		Visual Approach		21 Hours	$0	2.62 Days	1/15/27	1/20/27	0%	0 Hours	$0	21
175		Moodboards & References		0 Hours	$0	0 Days	1/20/27	1/20/27	0%	0 Hours	$0	0
176		Moodboards & References		2 Hours	$0	0.25 Days	1/20/27	1/20/27	0%	0 Hours	$0	2
177		Moodboards & References		12 Hours	$0	1.5 Days	1/20/27	1/22/27	0%	0 Hours	$0	12
178		Moodboards & References		4 Hours	$0	0.5 Days	1/22/27	1/22/27	0%	0 Hours	$0	4
179		Internal Review & Critique		0 Hours	$0	0 Days	1/22/27	1/22/27	0%	0 Hours	$0	0
180		Internal Review & Critique		1 Hour	$0	0.12 Days	1/22/27	1/23/27	0%	0 Hours	$0	1
181		Client Review & Revisions		0 Hours	$0	0 Days	1/23/27	1/23/27	0%	0 Hours	$0	0
182		Client Review & Revisions		1 Hour	$0	0.12 Days	1/23/27	1/23/27	0%	0 Hours	$0	1
183		Client Review & Revisions		1 Hour	$0	0.12 Days	1/23/27	1/23/27	0%	0 Hours	$0	1
184		Voice & Tone		20 Hours	$0	2.5 Days	1/23/27	1/27/27	0%	0 Hours	$0	20
185		Principles Outline		0 Hours	$0	0 Days	1/27/27	1/27/27	0%	0 Hours	$0	0
186		Principles Outline		6 Hours	$0	0.75 Days	1/27/27	1/28/27	0%	0 Hours	$0	6
187		Principles Outline		6 Hours	$0	0.75 Days	1/28/27	1/29/27	0%	0 Hours	$0	6
188		Principles Outline		4 Hours	$0	0.5 Days	1/29/27	1/29/27	0%	0 Hours	$0	4
189		Internal Review & Critique		0 Hours	$0	0 Days	1/29/27	1/29/27	0%	0 Hours	$0	0
190		Internal Review & Critique		1 Hour	$0	0.12 Days	1/29/27	1/29/27	0%	0 Hours	$0	1
191		Client Review & Revisions		0 Hours	$0	0 Days	1/29/27	1/29/27	0%	0 Hours	$0	0
192		Client Review & Revisions		1 Hour	$0	0.12 Days	1/29/27	1/30/27	0%	0 Hours	$0	1
193		Client Review & Revisions		1 Hour	$0	0.12 Days	1/30/27	1/30/27	0%	0 Hours	$0	1
194		Client Review & Revisions		1 Hour	$0	0.12 Days	1/30/27	1/30/27	0%	0 Hours	$0	1
195		Content Production Shot List Review & Guidance		10 Hours	$0	1.25 Days	1/30/27	2/2/27	0%	0 Hours	$0	10
196		Client Review & Revisions		0 Hours	$0	0 Days	2/2/27	2/2/27	0%	0 Hours	$0	0
197		Client Review & Revisions		2 Hours	$0	0.25 Days	2/2/27	2/2/27	0%	0 Hours	$0	2
198		Client Review & Revisions		1 Hour	$0	0.12 Days	2/2/27	2/2/27	0%	0 Hours	$0	1
199		Client Review & Revisions		2 Hours	$0	0.25 Days	2/2/27	2/3/27	0%	0 Hours	$0	2
200		Client Review & Revisions		5 Hours	$0	0.62 Days	2/3/27	2/3/27	0%	0 Hours	$0	5
		Brand Positioning Strategy		192 Hours	$0	21 Days	11/16/25	12/18/25	0%	0 Hours	$0	192
		Brand Positioning Strategy		64 Hours	$0	5 Days	11/16/25	11/22/25	0%	0 Hours	$0	64
203		Key Pillars		11 Hours	$0	1.38 Days	11/24/25	11/26/25	0%	0 Hours	$0	11
204		Draft Pillars & Proof Points		0 Hours	$0	0 Days	11/26/25	11/26/25	0%	0 Hours	$0	0
205		Draft Pillars & Proof Points		1 Hour	$0	0.12 Days	11/26/25	11/26/25	0%	0 Hours	$0	1
206		Draft Pillars & Proof Points		3 Hours	$0	0.38 Days	11/26/25	11/26/25	0%	0 Hours	$0	3
207		Internal Review & Critique		0 Hours	$0	0 Days	11/26/25	11/26/25	0%	0 Hours	$0	0
208		Internal Review & Critique		1 Hour	$0	0.12 Days	11/26/25	11/26/25	0%	0 Hours	$0	1
209		Client Review & Revisions		0 Hours	$0	0 Days	11/26/25	11/26/25	0%	0 Hours	$0	0
210		Client Review & Revisions		1 Hour	$0	0.12 Days	11/26/25	11/26/25	0%	0 Hours	$0	1
211		Client Review & Revisions		1 Hour	$0	0.12 Days	11/26/25	11/27/25	0%	0 Hours	$0	1
212		Define Pillar Architecture		0 Hours	$0	0 Days	11/27/25	11/27/25	0%	0 Hours	$0	0
213		Define Pillar Architecture		2 Hours	$0	0.25 Days	11/27/25	11/27/25	0%	0 Hours	$0	2
214		Define Pillar Architecture		2 Hours	$0	0.25 Days	11/27/25	11/27/25	0%	0 Hours	$0	2
215		Brand Narrative		11 Hours	$0	1.38 Days	11/27/25	12/2/25	0%	0 Hours	$0	11
216		Internal Review & Critique		0 Hours	$0	0 Days	12/2/25	12/2/25	0%	0 Hours	$0	0
217		Internal Review & Critique		1 Hour	$0	0.12 Days	12/2/25	12/3/25	0%	0 Hours	$0	1
218		Client Review & Revisions		0 Hours	$0	0 Days	12/3/25	12/3/25	0%	0 Hours	$0	0
219		Client Review & Revisions		1 Hour	$0	0.12 Days	12/3/25	12/3/25	0%	0 Hours	$0	1
220		Client Review & Revisions		1 Hour	$0	0.12 Days	12/3/25	12/3/25	0%	0 Hours	$0	1
221		Draft Narrative		0 Hours	$0	0 Days	12/3/25	12/3/25	0%	0 Hours	$0	0
222		Draft Narrative		1 Hour	$0	0.12 Days	12/3/25	12/3/25	0%	0 Hours	$0	1
223		Draft Narrative		2 Hours	$0	0.25 Days	12/3/25	12/3/25	0%	0 Hours	$0	2
224		Draft Narrative		5 Hours	$0	0.62 Days	12/3/25	12/4/25	0%	0 Hours	$0	5
225		Brand Values Statement and or Proposition		10 Hours	$0	1.25 Days	12/4/25	12/5/25	0%	0 Hours	$0	10
226		Internal Review & Critique		0 Hours	$0	0 Days	12/5/25	12/5/25	0%	0 Hours	$0	0
227		Internal Review & Critique		1 Hour	$0	0.12 Days	12/5/25	12/5/25	0%	0 Hours	$0	1
228		Client Review & Revisions		0 Hours	$0	0 Days	12/5/25	12/5/25	0%	0 Hours	$0	0
229		Client Review & Revisions		1 Hour	$0	0.12 Days	12/5/25	12/5/25	0%	0 Hours	$0	1
230		Client Review & Revisions		1 Hour	$0	0.12 Days	12/5/25	12/5/25	0%	0 Hours	$0	1
231		Draft Values/Proposition		0 Hours	$0	0 Days	12/5/25	12/5/25	0%	0 Hours	$0	0
232		Draft Values/Proposition		3 Hours	$0	0.38 Days	12/5/25	12/6/25	0%	0 Hours	$0	3
233		Draft Values/Proposition		2 Hours	$0	0.25 Days	12/6/25	12/6/25	0%	0 Hours	$0	2
234		Draft Values/Proposition		2 Hours	$0	0.25 Days	12/6/25	12/6/25	0%	0 Hours	$0	2
235		Brand Vision Statement		11 Hours	$0	1.38 Days	12/8/25	12/10/25	0%	0 Hours	$0	11
236		Internal Review & Critique		0 Hours	$0	0 Days	12/10/25	12/10/25	0%	0 Hours	$0	0
237		Internal Review & Critique		1 Hour	$0	0.12 Days	12/10/25	12/10/25	0%	0 Hours	$0	1
238		Client Review & Revisions		0 Hours	$0	0 Days	12/10/25	12/10/25	0%	0 Hours	$0	0
239		Client Review & Revisions		1 Hour	$0	0.12 Days	12/10/25	12/10/25	0%	0 Hours	$0	1
240		Client Review & Revisions		1 Hour	$0	0.12 Days	12/10/25	12/10/25	0%	0 Hours	$0	1
241		Draft Statements (Purpose/Mission/Vision)		0 Hours	$0	0 Days	12/10/25	12/10/25	0%	0 Hours	$0	0
242		Draft Statements (Purpose/Mission/Vision)		1 Hour	$0	0.12 Days	12/10/25	12/10/25	0%	0 Hours	$0	1
243		Draft Statements (Purpose/Mission/Vision)		2 Hours	$0	0.25 Days	12/10/25	12/10/25	0%	0 Hours	$0	2
244		Draft Statements (Purpose/Mission/Vision)		5 Hours	$0	0.62 Days	12/10/25	12/11/25	0%	0 Hours	$0	5
245		Mission Statement		11 Hours	$0	1.38 Days	12/11/25	12/12/25	0%	0 Hours	$0	11
246		Internal Review & Critique		0 Hours	$0	0 Days	12/12/25	12/12/25	0%	0 Hours	$0	0
247		Internal Review & Critique		1 Hour	$0	0.12 Days	12/12/25	12/13/25	0%	0 Hours	$0	1
248		Client Review & Revisions		0 Hours	$0	0 Days	12/13/25	12/13/25	0%	0 Hours	$0	0
249		Client Review & Revisions		1 Hour	$0	0.12 Days	12/13/25	12/13/25	0%	0 Hours	$0	1
250		Client Review & Revisions		1 Hour	$0	0.12 Days	12/13/25	12/13/25	0%	0 Hours	$0	1
251		Draft Statements (Purpose/Mission/Vision)		0 Hours	$0	0 Days	12/13/25	12/13/25	0%	0 Hours	$0	0
252		Draft Statements (Purpose/Mission/Vision)		1 Hour	$0	0.12 Days	12/13/25	12/13/25	0%	0 Hours	$0	1
253		Draft Statements (Purpose/Mission/Vision)		2 Hours	$0	0.25 Days	12/13/25	12/13/25	0%	0 Hours	$0	2
254		Draft Statements (Purpose/Mission/Vision)		5 Hours	$0	0.62 Days	12/13/25	12/16/25	0%	0 Hours	$0	5
255		Purpose Statement		10 Hours	$0	1.25 Days	12/16/25	12/17/25	0%	0 Hours	$0	10
256		Internal Review & Critique		0 Hours	$0	0 Days	12/17/25	12/17/25	0%	0 Hours	$0	0
257		Internal Review & Critique		1 Hour	$0	0.12 Days	12/17/25	12/17/25	0%	0 Hours	$0	1
258		Client Review & Revisions		0 Hours	$0	0 Days	12/17/25	12/17/25	0%	0 Hours	$0	0
259		Client Review & Revisions		1 Hour	$0	0.12 Days	12/17/25	12/17/25	0%	0 Hours	$0	1
260		Client Review & Revisions		1 Hour	$0	0.12 Days	12/17/25	12/17/25	0%	0 Hours	$0	1
261		Draft Statements (Purpose/Mission/Vision)		0 Hours	$0	0 Days	12/17/25	12/17/25	0%	0 Hours	$0	0
262		Draft Statements (Purpose/Mission/Vision)		1 Hour	$0	0.12 Days	12/17/25	12/18/25	0%	0 Hours	$0	1
263		Draft Statements (Purpose/Mission/Vision)		2 Hours	$0	0.25 Days	12/18/25	12/18/25	0%	0 Hours	$0	2
264		Draft Statements (Purpose/Mission/Vision)		4 Hours	$0	0.5 Days	12/18/25	12/18/25	0%	0 Hours	$0	4
		Project Kickoff		60 Hours	$0	9 Days	11/9/25	11/22/25	0%	0 Hours	$0	60
		Project Kickoff		20 Hours	$0	4 Days	11/9/25	11/15/25	0%	0 Hours	$0	20
267		Kick-Off Session		12 Hours	$0	1.5 Days	11/17/25	11/19/25	0%	0 Hours	$0	12
268		Internal Review & Critique		0 Hours	$0	0 Days	11/19/25	11/19/25	0%	0 Hours	$0	0
269		Internal Review & Critique		1 Hour	$0	0.12 Days	11/19/25	11/19/25	0%	0 Hours	$0	1
270		Client Review & Revisions		0 Hours	$0	0 Days	11/19/25	11/19/25	0%	0 Hours	$0	0
271		Client Review & Revisions		1 Hour	$0	0.12 Days	11/19/25	11/19/25	0%	0 Hours	$0	1
272		Agenda & Materials Prep		0 Hours	$0	0 Days	11/19/25	11/19/25	0%	0 Hours	$0	0
273		Agenda & Materials Prep		2 Hours	$0	0.25 Days	11/19/25	11/19/25	0%	0 Hours	$0	2
274		Agenda & Materials Prep		1 Hour	$0	0.12 Days	11/19/25	11/19/25	0%	0 Hours	$0	1
275		Agenda & Materials Prep		2 Hours	$0	0.25 Days	11/19/25	11/20/25	0%	0 Hours	$0	2
276		Agenda & Materials Prep		5 Hours	$0	0.62 Days	11/20/25	11/20/25	0%	0 Hours	$0	5
277		Planning Working Session		8 Hours	$0	1 Day	11/20/25	11/21/25	0%	0 Hours	$0	8
278		Internal Review & Critique		0 Hours	$0	0 Days	11/21/25	11/21/25	0%	0 Hours	$0	0
279		Internal Review & Critique		1 Hour	$0	0.12 Days	11/21/25	11/21/25	0%	0 Hours	$0	1
280		Client Review & Revisions		0 Hours	$0	0 Days	11/21/25	11/21/25	0%	0 Hours	$0	0
281		Client Review & Revisions		1 Hour	$0	0.12 Days	11/21/25	11/22/25	0%	0 Hours	$0	1
282		Facilitation		0 Hours	$0	0 Days	11/22/25	11/22/25	0%	0 Hours	$0	0
283		Facilitation		1 Hour	$0	0.12 Days	11/22/25	11/22/25	0%	0 Hours	$0	1
284		Facilitation		1 Hour	$0	0.12 Days	11/22/25	11/22/25	0%	0 Hours	$0	1
285		Facilitation		4 Hours	$0	0.5 Days	11/22/25	11/22/25	0%	0 Hours	$0	4
		Marketing Collateral (Asset Prod)		150 Hours	$0	22.5 Days	8/27/26	9/30/26	0%	0 Hours	$0	150
		Marketing Collateral (Asset Prod)		50 Hours	$0	10 Days	8/27/26	9/11/26	0%	0 Hours	$0	50
288		Presentation		14 Hours	$0	1.75 Days	9/11/26	9/15/26	0%	0 Hours	$0	14
289		Final Packaging		0 Hours	$0	0 Days	9/15/26	9/15/26	0%	0 Hours	$0	0
290		Final Packaging		11 Hours	$0	1.38 Days	9/15/26	9/16/26	0%	0 Hours	$0	11
291		Internal Review & Critique		0 Hours	$0	0 Days	9/16/26	9/16/26	0%	0 Hours	$0	0
292		Internal Review & Critique		1 Hour	$0	0.12 Days	9/16/26	9/16/26	0%	0 Hours	$0	1
293		Client Review & Revisions		0 Hours	$0	0 Days	9/16/26	9/16/26	0%	0 Hours	$0	0
294		Client Review & Revisions		1 Hour	$0	0.12 Days	9/16/26	9/17/26	0%	0 Hours	$0	1
295		Client Review & Revisions		1 Hour	$0	0.12 Days	9/17/26	9/17/26	0%	0 Hours	$0	1
296		Brochure Design		9 Hours	$0	1.12 Days	9/17/26	9/18/26	0%	0 Hours	$0	9
297		Copy Polish		0 Hours	$0	0 Days	9/18/26	9/18/26	0%	0 Hours	$0	0
298		Copy Polish		1 Hour	$0	0.12 Days	9/18/26	9/18/26	0%	0 Hours	$0	1
299		Final Packaging		0 Hours	$0	0 Days	9/18/26	9/18/26	0%	0 Hours	$0	0
300		Final Packaging		5 Hours	$0	0.62 Days	9/18/26	9/19/26	0%	0 Hours	$0	5
301		Internal Review & Critique		0 Hours	$0	0 Days	9/19/26	9/19/26	0%	0 Hours	$0	0
302		Internal Review & Critique		1 Hour	$0	0.12 Days	9/19/26	9/19/26	0%	0 Hours	$0	1
303		Client Review & Revisions		0 Hours	$0	0 Days	9/19/26	9/19/26	0%	0 Hours	$0	0
304		Client Review & Revisions		1 Hour	$0	0.12 Days	9/19/26	9/19/26	0%	0 Hours	$0	1
305		Client Review & Revisions		1 Hour	$0	0.12 Days	9/19/26	9/19/26	0%	0 Hours	$0	1
306		Fact Sheet Design		8 Hours	$0	1 Day	9/19/26	9/22/26	0%	0 Hours	$0	8
307		Copy Polish		0 Hours	$0	0 Days	9/22/26	9/22/26	0%	0 Hours	$0	0
308		Copy Polish		1 Hour	$0	0.12 Days	9/22/26	9/22/26	0%	0 Hours	$0	1
309		Final Packaging		0 Hours	$0	0 Days	9/22/26	9/22/26	0%	0 Hours	$0	0
310		Final Packaging		4 Hours	$0	0.5 Days	9/22/26	9/23/26	0%	0 Hours	$0	4
311		Internal Review & Critique		0 Hours	$0	0 Days	9/23/26	9/23/26	0%	0 Hours	$0	0
312		Internal Review & Critique		1 Hour	$0	0.12 Days	9/23/26	9/23/26	0%	0 Hours	$0	1
313		Client Review & Revisions		0 Hours	$0	0 Days	9/23/26	9/23/26	0%	0 Hours	$0	0
314		Client Review & Revisions		1 Hour	$0	0.12 Days	9/23/26	9/23/26	0%	0 Hours	$0	1
315		Client Review & Revisions		1 Hour	$0	0.12 Days	9/23/26	9/23/26	0%	0 Hours	$0	1
316		Report Design		6 Hours	$0	0.75 Days	9/23/26	9/24/26	0%	0 Hours	$0	6
317		Copy Polish		0 Hours	$0	0 Days	9/24/26	9/24/26	0%	0 Hours	$0	0
318		Copy Polish		1 Hour	$0	0.12 Days	9/24/26	9/24/26	0%	0 Hours	$0	1
319		Copy Polish		2 Hours	$0	0.25 Days	9/24/26	9/24/26	0%	0 Hours	$0	2
320		Internal Review & Critique		0 Hours	$0	0 Days	9/24/26	9/24/26	0%	0 Hours	$0	0
321		Internal Review & Critique		1 Hour	$0	0.12 Days	9/24/26	9/24/26	0%	0 Hours	$0	1
322		Client Review & Revisions		0 Hours	$0	0 Days	9/24/26	9/24/26	0%	0 Hours	$0	0
323		Client Review & Revisions		1 Hour	$0	0.12 Days	9/24/26	9/24/26	0%	0 Hours	$0	1
324		Client Review & Revisions		1 Hour	$0	0.12 Days	9/24/26	9/24/26	0%	0 Hours	$0	1
325		Mechandise		7 Hours	$0	0.88 Days	9/24/26	9/25/26	0%	0 Hours	$0	7
326		Internal Review & Critique		0 Hours	$0	0 Days	9/25/26	9/25/26	0%	0 Hours	$0	0
327		Internal Review & Critique		1 Hour	$0	0.12 Days	9/25/26	9/25/26	0%	0 Hours	$0	1
328		Client Review & Revisions		0 Hours	$0	0 Days	9/25/26	9/25/26	0%	0 Hours	$0	0
329		Client Review & Revisions		1 Hour	$0	0.12 Days	9/25/26	9/26/26	0%	0 Hours	$0	1
330		Client Review & Revisions		1 Hour	$0	0.12 Days	9/26/26	9/26/26	0%	0 Hours	$0	1
331		Vendor Specs		0 Hours	$0	0 Days	9/26/26	9/26/26	0%	0 Hours	$0	0
332		Vendor Specs		3 Hours	$0	0.38 Days	9/26/26	9/26/26	0%	0 Hours	$0	3
333		Vendor Specs		1 Hour	$0	0.12 Days	9/26/26	9/26/26	0%	0 Hours	$0	1
334		Signage		6 Hours	$0	0.75 Days	9/28/26	9/29/26	0%	0 Hours	$0	6
335		Internal Review & Critique		0 Hours	$0	0 Days	9/29/26	9/29/26	0%	0 Hours	$0	0
336		Internal Review & Critique		1 Hour	$0	0.12 Days	9/29/26	9/29/26	0%	0 Hours	$0	1
337		Client Review & Revisions		0 Hours	$0	0 Days	9/29/26	9/29/26	0%	0 Hours	$0	0
338		Client Review & Revisions		1 Hour	$0	0.12 Days	9/29/26	9/29/26	0%	0 Hours	$0	1
339		Client Review & Revisions		1 Hour	$0	0.12 Days	9/29/26	9/29/26	0%	0 Hours	$0	1
340		Final Packaging		0 Hours	$0	0 Days	9/29/26	9/29/26	0%	0 Hours	$0	0
341		Final Packaging		3 Hours	$0	0.38 Days	9/29/26	9/30/26	0%	0 Hours	$0	3
		Campaign Strategy		210 Hours	$0	30.5 Days	3/30/26	5/12/26	0%	0 Hours	$0	210
		Campaign Strategy		70 Hours	$0	13 Days	3/30/26	4/16/26	0%	0 Hours	$0	70
344		Marketing Tactics (Platforms, Formats, Cadence, Organic, Paid)		10 Hours	$0	1.25 Days	4/16/26	4/17/26	0%	0 Hours	$0	10
345		Channel Roles & Cadence		0 Hours	$0	0 Days	4/17/26	4/17/26	0%	0 Hours	$0	0
346		Channel Roles & Cadence		1 Hour	$0	0.12 Days	4/17/26	4/18/26	0%	0 Hours	$0	1
347		Channel Roles & Cadence		6 Hours	$0	0.75 Days	4/18/26	4/20/26	0%	0 Hours	$0	6
348		Internal Review & Critique		0 Hours	$0	0 Days	4/20/26	4/20/26	0%	0 Hours	$0	0
349		Internal Review & Critique		1 Hour	$0	0.12 Days	4/20/26	4/20/26	0%	0 Hours	$0	1
350		Client Review & Revisions		0 Hours	$0	0 Days	4/20/26	4/20/26	0%	0 Hours	$0	0
351		Client Review & Revisions		1 Hour	$0	0.12 Days	4/20/26	4/21/26	0%	0 Hours	$0	1
352		Client Review & Revisions		1 Hour	$0	0.12 Days	4/21/26	4/21/26	0%	0 Hours	$0	1
353		10k Ft View		10 Hours	$0	1.25 Days	4/21/26	4/22/26	0%	0 Hours	$0	10
354		Visual Summary		0 Hours	$0	0 Days	4/22/26	4/22/26	0%	0 Hours	$0	0
355		Visual Summary		1 Hour	$0	0.12 Days	4/22/26	4/22/26	0%	0 Hours	$0	1
356		Internal Review & Critique		0 Hours	$0	0 Days	4/22/26	4/22/26	0%	0 Hours	$0	0
357		Internal Review & Critique		1 Hour	$0	0.12 Days	4/22/26	4/22/26	0%	0 Hours	$0	1
358		Client Review & Revisions		0 Hours	$0	0 Days	4/22/26	4/22/26	0%	0 Hours	$0	0
359		Client Review & Revisions		1 Hour	$0	0.12 Days	4/22/26	4/22/26	0%	0 Hours	$0	1
360		Client Review & Revisions		1 Hour	$0	0.12 Days	4/22/26	4/22/26	0%	0 Hours	$0	1
361		Client Review & Revisions		1 Hour	$0	0.12 Days	4/22/26	4/23/26	0%	0 Hours	$0	1
362		Narrative Overview		0 Hours	$0	0 Days	4/23/26	4/23/26	0%	0 Hours	$0	0
363		Narrative Overview		2 Hours	$0	0.25 Days	4/23/26	4/23/26	0%	0 Hours	$0	2
364		Narrative Overview		1 Hour	$0	0.12 Days	4/23/26	4/23/26	0%	0 Hours	$0	1
365		Narrative Overview		2 Hours	$0	0.25 Days	4/23/26	4/23/26	0%	0 Hours	$0	2
366		Image Usage Guidelines		17 Hours	$0	2.12 Days	4/23/26	4/27/26	0%	0 Hours	$0	17
367		Internal Review & Critique		0 Hours	$0	0 Days	4/27/26	4/27/26	0%	0 Hours	$0	0
368		Internal Review & Critique		1 Hour	$0	0.12 Days	4/27/26	4/27/26	0%	0 Hours	$0	1
369		Client Review & Revisions		0 Hours	$0	0 Days	4/27/26	4/27/26	0%	0 Hours	$0	0
370		Client Review & Revisions		1 Hour	$0	0.12 Days	4/27/26	4/28/26	0%	0 Hours	$0	1
371		Client Review & Revisions		1 Hour	$0	0.12 Days	4/28/26	4/28/26	0%	0 Hours	$0	1
372		Examples		0 Hours	$0	0 Days	4/28/26	4/28/26	0%	0 Hours	$0	0
373		Examples		1 Hour	$0	0.12 Days	4/28/26	4/28/26	0%	0 Hours	$0	1
374		Examples		13 Hours	$0	1.62 Days	4/28/26	4/29/26	0%	0 Hours	$0	13
375		Media Assets		8 Hours	$0	1 Day	4/29/26	4/30/26	0%	0 Hours	$0	8
376		Internal Review & Critique		0 Hours	$0	0 Days	4/30/26	4/30/26	0%	0 Hours	$0	0
377		Internal Review & Critique		1 Hour	$0	0.12 Days	4/30/26	5/1/26	0%	0 Hours	$0	1
378		Client Review & Revisions		0 Hours	$0	0 Days	5/1/26	5/1/26	0%	0 Hours	$0	0
379		Client Review & Revisions		1 Hour	$0	0.12 Days	5/1/26	5/1/26	0%	0 Hours	$0	1
380		Client Review & Revisions		1 Hour	$0	0.12 Days	5/1/26	5/1/26	0%	0 Hours	$0	1
381		Client Review & Revisions		1 Hour	$0	0.12 Days	5/1/26	5/1/26	0%	0 Hours	$0	1
382		Asset Matrix		0 Hours	$0	0 Days	5/1/26	5/1/26	0%	0 Hours	$0	0
383		Asset Matrix		3 Hours	$0	0.38 Days	5/1/26	5/1/26	0%	0 Hours	$0	3
384		Asset Matrix		1 Hour	$0	0.12 Days	5/1/26	5/1/26	0%	0 Hours	$0	1
385		Photo / Video Direction		9 Hours	$0	1.12 Days	5/1/26	5/5/26	0%	0 Hours	$0	9
386		Internal Review & Critique		0 Hours	$0	0 Days	5/5/26	5/5/26	0%	0 Hours	$0	0
387		Internal Review & Critique		1 Hour	$0	0.12 Days	5/5/26	5/5/26	0%	0 Hours	$0	1
388		Client Review & Revisions		0 Hours	$0	0 Days	5/5/26	5/5/26	0%	0 Hours	$0	0
389		Client Review & Revisions		1 Hour	$0	0.12 Days	5/5/26	5/5/26	0%	0 Hours	$0	1
390		Client Review & Revisions		1 Hour	$0	0.12 Days	5/5/26	5/5/26	0%	0 Hours	$0	1
391		Client Review & Revisions		1 Hour	$0	0.12 Days	5/5/26	5/5/26	0%	0 Hours	$0	1
392		Direction Notes		0 Hours	$0	0 Days	5/5/26	5/5/26	0%	0 Hours	$0	0
393		Direction Notes		1 Hour	$0	0.12 Days	5/5/26	5/5/26	0%	0 Hours	$0	1
394		Direction Notes		1 Hour	$0	0.12 Days	5/5/26	5/5/26	0%	0 Hours	$0	1
395		Direction Notes		3 Hours	$0	0.38 Days	5/5/26	5/6/26	0%	0 Hours	$0	3
396		Rollout		9 Hours	$0	1.12 Days	5/6/26	5/7/26	0%	0 Hours	$0	9
397		Internal Review & Critique		0 Hours	$0	0 Days	5/7/26	5/7/26	0%	0 Hours	$0	0
398		Internal Review & Critique		1 Hour	$0	0.12 Days	5/7/26	5/7/26	0%	0 Hours	$0	1
399		Client Review & Revisions		0 Hours	$0	0 Days	5/7/26	5/7/26	0%	0 Hours	$0	0
400		Client Review & Revisions		1 Hour	$0	0.12 Days	5/7/26	5/7/26	0%	0 Hours	$0	1
401		Client Review & Revisions		1 Hour	$0	0.12 Days	5/7/26	5/7/26	0%	0 Hours	$0	1
402		Client Review & Revisions		1 Hour	$0	0.12 Days	5/7/26	5/7/26	0%	0 Hours	$0	1
403		Phasing & Milestones		0 Hours	$0	0 Days	5/7/26	5/7/26	0%	0 Hours	$0	0
404		Phasing & Milestones		1 Hour	$0	0.12 Days	5/7/26	5/7/26	0%	0 Hours	$0	1
405		Phasing & Milestones		3 Hours	$0	0.38 Days	5/7/26	5/8/26	0%	0 Hours	$0	3
406		Phasing & Milestones		1 Hour	$0	0.12 Days	5/8/26	5/8/26	0%	0 Hours	$0	1
407		Use Cases		7 Hours	$0	0.88 Days	5/8/26	5/9/26	0%	0 Hours	$0	7
408		Internal Review & Critique		0 Hours	$0	0 Days	5/9/26	5/9/26	0%	0 Hours	$0	0
409		Internal Review & Critique		1 Hour	$0	0.12 Days	5/9/26	5/9/26	0%	0 Hours	$0	1
410		Client Review & Revisions		0 Hours	$0	0 Days	5/9/26	5/9/26	0%	0 Hours	$0	0
411		Client Review & Revisions		1 Hour	$0	0.12 Days	5/9/26	5/9/26	0%	0 Hours	$0	1
412		Client Review & Revisions		1 Hour	$0	0.12 Days	5/9/26	5/9/26	0%	0 Hours	$0	1
413		Client Review & Revisions		1 Hour	$0	0.12 Days	5/11/26	5/11/26	0%	0 Hours	$0	1
414		Final Packaging		0 Hours	$0	0 Days	5/11/26	5/11/26	0%	0 Hours	$0	0
415		Final Packaging		3 Hours	$0	0.38 Days	5/11/26	5/12/26	0%	0 Hours	$0	3
		Brand Identity Development		900 Hours	$0	136 Days	9/1/26	3/20/27	0%	0 Hours	$0	900
		Brand Identity Development		300 Hours	$0	61 Days	9/1/26	12/1/26	0%	0 Hours	$0	300
418		Color Palette		18 Hours	$0	2.25 Days	12/1/26	12/4/26	0%	0 Hours	$0	18
419		Client Review & Revisions		0 Hours	$0	0 Days	12/4/26	12/4/26	0%	0 Hours	$0	0
420		Client Review & Revisions		1 Hour	$0	0.12 Days	12/4/26	12/4/26	0%	0 Hours	$0	1
421		Client Review & Revisions		2 Hours	$0	0.25 Days	12/4/26	12/4/26	0%	0 Hours	$0	2
422		Client Review & Revisions		4 Hours	$0	0.5 Days	12/4/26	12/4/26	0%	0 Hours	$0	4
423		Client Review & Revisions		7 Hours	$0	0.88 Days	12/4/26	12/5/26	0%	0 Hours	$0	7
424		Client Review & Revisions		1 Hour	$0	0.12 Days	12/7/26	12/7/26	0%	0 Hours	$0	1
425		Client Review & Revisions		3 Hours	$0	0.38 Days	12/7/26	12/8/26	0%	0 Hours	$0	3
426		Graphic Mock-Ups		30 Hours	$0	3.75 Days	12/8/26	12/12/26	0%	0 Hours	$0	30
427		Compositing/Retouch		0 Hours	$0	0 Days	12/12/26	12/12/26	0%	0 Hours	$0	0
428		Compositing/Retouch		5 Hours	$0	0.62 Days	12/12/26	12/12/26	0%	0 Hours	$0	5
429		Internal Review & Critique		0 Hours	$0	0 Days	12/12/26	12/12/26	0%	0 Hours	$0	0
430		Internal Review & Critique		1 Hour	$0	0.12 Days	12/12/26	12/12/26	0%	0 Hours	$0	1
431		Internal Review & Critique		1 Hour	$0	0.12 Days	12/14/26	12/14/26	0%	0 Hours	$0	1
432		Client Review & Revisions		0 Hours	$0	0 Days	12/14/26	12/14/26	0%	0 Hours	$0	0
433		Client Review & Revisions		2 Hours	$0	0.25 Days	12/14/26	12/15/26	0%	0 Hours	$0	2
434		Client Review & Revisions		1 Hour	$0	0.12 Days	12/15/26	12/15/26	0%	0 Hours	$0	1
435		Client Review & Revisions		1 Hour	$0	0.12 Days	12/15/26	12/15/26	0%	0 Hours	$0	1
436		Mockup Scenarios (3-4)		0 Hours	$0	0 Days	12/15/26	12/15/26	0%	0 Hours	$0	0
437		Mockup Scenarios (3-4)		3 Hours	$0	0.38 Days	12/15/26	12/15/26	0%	0 Hours	$0	3
438		Mockup Scenarios (3-4)		16 Hours	$0	2 Days	12/15/26	12/17/26	0%	0 Hours	$0	16
439		Logo		43 Hours	$0	5.38 Days	12/17/26	12/25/26	0%	0 Hours	$0	43
440		Quality Check (Specs/Accessibility)		0 Hours	$0	0 Days	12/25/26	12/25/26	0%	0 Hours	$0	0
441		Quality Check (Specs/Accessibility)		3 Hours	$0	0.38 Days	12/25/26	12/25/26	0%	0 Hours	$0	3
442		Internal Review & Critique		0 Hours	$0	0 Days	12/25/26	12/25/26	0%	0 Hours	$0	0
443		Internal Review & Critique		1 Hour	$0	0.12 Days	12/25/26	12/25/26	0%	0 Hours	$0	1
444		Client Review & Revisions		0 Hours	$0	0 Days	12/25/26	12/25/26	0%	0 Hours	$0	0
445		Client Review & Revisions		2 Hours	$0	0.25 Days	12/25/26	12/28/26	0%	0 Hours	$0	2
446		Client Review & Revisions		1 Hour	$0	0.12 Days	12/28/26	12/29/26	0%	0 Hours	$0	1
447		Client Review & Revisions		1 Hour	$0	0.12 Days	12/29/26	12/29/26	0%	0 Hours	$0	1
448		Logo Exploration (6-8 dirs)		0 Hours	$0	0 Days	12/29/26	12/29/26	0%	0 Hours	$0	0
449		Logo Exploration (6-8 dirs)		3 Hours	$0	0.38 Days	12/29/26	12/29/26	0%	0 Hours	$0	3
450		Logo Exploration (6-8 dirs)		32 Hours	$0	4 Days	12/29/26	1/5/27	0%	0 Hours	$0	32
451		Typography		40 Hours	$0	5 Days	1/5/27	1/12/27	0%	0 Hours	$0	40
452		Quality Check (Specs/Accessibility)		0 Hours	$0	0 Days	1/12/27	1/12/27	0%	0 Hours	$0	0
453		Quality Check (Specs/Accessibility)		3 Hours	$0	0.38 Days	1/12/27	1/12/27	0%	0 Hours	$0	3
454		Internal Review & Critique		0 Hours	$0	0 Days	1/12/27	1/12/27	0%	0 Hours	$0	0
455		Internal Review & Critique		1 Hour	$0	0.12 Days	1/12/27	1/13/27	0%	0 Hours	$0	1
456		Client Review & Revisions		0 Hours	$0	0 Days	1/13/27	1/13/27	0%	0 Hours	$0	0
457		Client Review & Revisions		2 Hours	$0	0.25 Days	1/13/27	1/13/27	0%	0 Hours	$0	2
458		Client Review & Revisions		1 Hour	$0	0.12 Days	1/13/27	1/13/27	0%	0 Hours	$0	1
459		Client Review & Revisions		1 Hour	$0	0.12 Days	1/13/27	1/13/27	0%	0 Hours	$0	1
460		Final Packaging		0 Hours	$0	0 Days	1/13/27	1/13/27	0%	0 Hours	$0	0
461		Final Packaging		32 Hours	$0	4 Days	1/13/27	1/20/27	0%	0 Hours	$0	32
462		Graphic & Copy Messaging Cornerstones		28 Hours	$0	3.5 Days	1/20/27	1/26/27	0%	0 Hours	$0	28
463		Internal Review & Critique		0 Hours	$0	0 Days	1/26/27	1/26/27	0%	0 Hours	$0	0
464		Internal Review & Critique		1 Hour	$0	0.12 Days	1/26/27	1/26/27	0%	0 Hours	$0	1
465		Internal Review & Critique		1 Hour	$0	0.12 Days	1/26/27	1/26/27	0%	0 Hours	$0	1
466		Client Review & Revisions		0 Hours	$0	0 Days	1/26/27	1/26/27	0%	0 Hours	$0	0
467		Client Review & Revisions		2 Hours	$0	0.25 Days	1/26/27	1/26/27	0%	0 Hours	$0	2
468		Client Review & Revisions		1 Hour	$0	0.12 Days	1/26/27	1/26/27	0%	0 Hours	$0	1
469		Client Review & Revisions		1 Hour	$0	0.12 Days	1/26/27	1/26/27	0%	0 Hours	$0	1
470		Client Review & Revisions		1 Hour	$0	0.12 Days	1/26/27	1/26/27	0%	0 Hours	$0	1
471		Messaging Cornerstones Draft		0 Hours	$0	0 Days	1/26/27	1/26/27	0%	0 Hours	$0	0
472		Messaging Cornerstones Draft		2 Hours	$0	0.25 Days	1/26/27	1/27/27	0%	0 Hours	$0	2
473		Messaging Cornerstones Draft		3 Hours	$0	0.38 Days	1/27/27	1/27/27	0%	0 Hours	$0	3
474		Messaging Cornerstones Draft		16 Hours	$0	2 Days	1/27/27	1/29/27	0%	0 Hours	$0	16
475		Iconography		31 Hours	$0	3.88 Days	1/29/27	2/4/27	0%	0 Hours	$0	31
476		Internal Review & Critique		0 Hours	$0	0 Days	2/4/27	2/4/27	0%	0 Hours	$0	0
477		Internal Review & Critique		1 Hour	$0	0.12 Days	2/4/27	2/4/27	0%	0 Hours	$0	1
478		Client Review & Revisions		0 Hours	$0	0 Days	2/4/27	2/4/27	0%	0 Hours	$0	0
479		Client Review & Revisions		2 Hours	$0	0.25 Days	2/4/27	2/4/27	0%	0 Hours	$0	2
480		Client Review & Revisions		1 Hour	$0	0.12 Days	2/4/27	2/4/27	0%	0 Hours	$0	1
481		Client Review & Revisions		1 Hour	$0	0.12 Days	2/4/27	2/5/27	0%	0 Hours	$0	1
482		Export & Spec		0 Hours	$0	0 Days	2/5/27	2/5/27	0%	0 Hours	$0	0
483		Export & Spec		24 Hours	$0	3 Days	2/5/27	2/10/27	0%	0 Hours	$0	24
484		Export & Spec		2 Hours	$0	0.25 Days	2/10/27	2/10/27	0%	0 Hours	$0	2
485		Overarching Moodboard		27 Hours	$0	3.38 Days	2/10/27	2/13/27	0%	0 Hours	$0	27
486		Internal Review & Critique		0 Hours	$0	0 Days	2/13/27	2/13/27	0%	0 Hours	$0	0
487		Internal Review & Critique		1 Hour	$0	0.12 Days	2/13/27	2/13/27	0%	0 Hours	$0	1
488		Internal Review & Critique		1 Hour	$0	0.12 Days	2/16/27	2/16/27	0%	0 Hours	$0	1
489		Client Review & Revisions		0 Hours	$0	0 Days	2/16/27	2/16/27	0%	0 Hours	$0	0
490		Client Review & Revisions		2 Hours	$0	0.25 Days	2/16/27	2/17/27	0%	0 Hours	$0	2
491		Client Review & Revisions		1 Hour	$0	0.12 Days	2/17/27	2/17/27	0%	0 Hours	$0	1
492		Client Review & Revisions		1 Hour	$0	0.12 Days	2/17/27	2/17/27	0%	0 Hours	$0	1
493		Curate Moodboard		0 Hours	$0	0 Days	2/17/27	2/17/27	0%	0 Hours	$0	0
494		Curate Moodboard		3 Hours	$0	0.38 Days	2/17/27	2/17/27	0%	0 Hours	$0	3
495		Curate Moodboard		2 Hours	$0	0.25 Days	2/17/27	2/18/27	0%	0 Hours	$0	2
496		Curate Moodboard		16 Hours	$0	2 Days	2/18/27	2/20/27	0%	0 Hours	$0	16
497		Tagline Copy Bank		22 Hours	$0	2.75 Days	2/20/27	2/24/27	0%	0 Hours	$0	22
498		Internal Review & Critique		0 Hours	$0	0 Days	2/24/27	2/24/27	0%	0 Hours	$0	0
499		Internal Review & Critique		1 Hour	$0	0.12 Days	2/24/27	2/24/27	0%	0 Hours	$0	1
500		Internal Review & Critique		1 Hour	$0	0.12 Days	2/24/27	2/25/27	0%	0 Hours	$0	1
501		Client Review & Revisions		0 Hours	$0	0 Days	2/25/27	2/25/27	0%	0 Hours	$0	0
502		Client Review & Revisions		2 Hours	$0	0.25 Days	2/25/27	2/25/27	0%	0 Hours	$0	2
503		Client Review & Revisions		1 Hour	$0	0.12 Days	2/25/27	2/25/27	0%	0 Hours	$0	1
504		Client Review & Revisions		1 Hour	$0	0.12 Days	2/25/27	2/25/27	0%	0 Hours	$0	1
505		Client Review & Revisions		1 Hour	$0	0.12 Days	2/25/27	2/25/27	0%	0 Hours	$0	1
506		Shortlist & Rationale		0 Hours	$0	0 Days	2/25/27	2/25/27	0%	0 Hours	$0	0
507		Shortlist & Rationale		4 Hours	$0	0.5 Days	2/25/27	2/26/27	0%	0 Hours	$0	4
508		Shortlist & Rationale		3 Hours	$0	0.38 Days	2/26/27	2/26/27	0%	0 Hours	$0	3
509		Shortlist & Rationale		8 Hours	$0	1 Day	2/26/27	2/27/27	0%	0 Hours	$0	8
510		Textures/Patterns/Materials		29 Hours	$0	3.62 Days	2/27/27	3/5/27	0%	0 Hours	$0	29
511		Internal Review & Critique		0 Hours	$0	0 Days	3/5/27	3/5/27	0%	0 Hours	$0	0
512		Internal Review & Critique		1 Hour	$0	0.12 Days	3/5/27	3/5/27	0%	0 Hours	$0	1
513		Client Review & Revisions		0 Hours	$0	0 Days	3/5/27	3/5/27	0%	0 Hours	$0	0
514		Client Review & Revisions		2 Hours	$0	0.25 Days	3/5/27	3/5/27	0%	0 Hours	$0	2
515		Client Review & Revisions		1 Hour	$0	0.12 Days	3/5/27	3/5/27	0%	0 Hours	$0	1
516		Client Review & Revisions		1 Hour	$0	0.12 Days	3/5/27	3/5/27	0%	0 Hours	$0	1
517		Build Repeating Tiles		0 Hours	$0	0 Days	3/5/27	3/5/27	0%	0 Hours	$0	0
518		Build Repeating Tiles		24 Hours	$0	3 Days	3/5/27	3/10/27	0%	0 Hours	$0	24
519		Visual Elements/Comps		32 Hours	$0	4 Days	3/10/27	3/16/27	0%	0 Hours	$0	32
520		Internal Review & Critique		0 Hours	$0	0 Days	3/16/27	3/16/27	0%	0 Hours	$0	0
521		Internal Review & Critique		1 Hour	$0	0.12 Days	3/16/27	3/16/27	0%	0 Hours	$0	1
522		Client Review & Revisions		0 Hours	$0	0 Days	3/16/27	3/16/27	0%	0 Hours	$0	0
523		Client Review & Revisions		2 Hours	$0	0.25 Days	3/16/27	3/17/27	0%	0 Hours	$0	2
524		Client Review & Revisions		1 Hour	$0	0.12 Days	3/17/27	3/17/27	0%	0 Hours	$0	1
525		Client Review & Revisions		1 Hour	$0	0.12 Days	3/17/27	3/17/27	0%	0 Hours	$0	1
526		Compositions (2-3)		0 Hours	$0	0 Days	3/17/27	3/17/27	0%	0 Hours	$0	0
527		Compositions (2-3)		3 Hours	$0	0.38 Days	3/17/27	3/17/27	0%	0 Hours	$0	3
528		Compositions (2-3)		24 Hours	$0	3 Days	3/17/27	3/20/27	0%	0 Hours	$0	24
		Brand Style & Usage Guidelines		546 Hours	$0	79.5 Days	8/27/26	12/23/26	0%	0 Hours	$0	546
		Brand Style & Usage Guidelines		182 Hours	$0	34 Days	8/27/26	10/16/26	0%	0 Hours	$0	182
531		Color Palettes		9 Hours	$0	1.12 Days	10/16/26	10/19/26	0%	0 Hours	$0	9
532		Client Review & Revisions		0 Hours	$0	0 Days	10/19/26	10/19/26	0%	0 Hours	$0	0
533		Client Review & Revisions		1 Hour	$0	0.12 Days	10/19/26	10/19/26	0%	0 Hours	$0	1
534		Client Review & Revisions		1 Hour	$0	0.12 Days	10/19/26	10/20/26	0%	0 Hours	$0	1
535		Client Review & Revisions		2 Hours	$0	0.25 Days	10/20/26	10/20/26	0%	0 Hours	$0	2
536		Client Review & Revisions		3 Hours	$0	0.38 Days	10/20/26	10/20/26	0%	0 Hours	$0	3
537		Client Review & Revisions		2 Hours	$0	0.25 Days	10/20/26	10/20/26	0%	0 Hours	$0	2
538		Logo Lock-Ups		20 Hours	$0	2.5 Days	10/20/26	10/23/26	0%	0 Hours	$0	20
539		Quality Check (Specs/Accessibility)		0 Hours	$0	0 Days	10/23/26	10/23/26	0%	0 Hours	$0	0
540		Quality Check (Specs/Accessibility)		2 Hours	$0	0.25 Days	10/23/26	10/23/26	0%	0 Hours	$0	2
541		Internal Review & Critique		0 Hours	$0	0 Days	10/23/26	10/23/26	0%	0 Hours	$0	0
542		Internal Review & Critique		1 Hour	$0	0.12 Days	10/23/26	10/23/26	0%	0 Hours	$0	1
543		Client Review & Revisions		0 Hours	$0	0 Days	10/23/26	10/23/26	0%	0 Hours	$0	0
544		Client Review & Revisions		1 Hour	$0	0.12 Days	10/23/26	10/23/26	0%	0 Hours	$0	1
545		Client Review & Revisions		1 Hour	$0	0.12 Days	10/23/26	10/24/26	0%	0 Hours	$0	1
546		Final Packaging		0 Hours	$0	0 Days	10/24/26	10/24/26	0%	0 Hours	$0	0
547		Final Packaging		15 Hours	$0	1.88 Days	10/24/26	10/27/26	0%	0 Hours	$0	15
548		Logo Placement		20 Hours	$0	2.5 Days	10/27/26	10/30/26	0%	0 Hours	$0	20
549		Quality Check (Specs/Accessibility)		0 Hours	$0	0 Days	10/30/26	10/30/26	0%	0 Hours	$0	0
550		Quality Check (Specs/Accessibility)		2 Hours	$0	0.25 Days	10/30/26	10/30/26	0%	0 Hours	$0	2
551		Internal Review & Critique		0 Hours	$0	0 Days	10/30/26	10/30/26	0%	0 Hours	$0	0
552		Internal Review & Critique		1 Hour	$0	0.12 Days	10/30/26	10/30/26	0%	0 Hours	$0	1
553		Client Review & Revisions		0 Hours	$0	0 Days	10/30/26	10/30/26	0%	0 Hours	$0	0
554		Client Review & Revisions		1 Hour	$0	0.12 Days	10/30/26	10/30/26	0%	0 Hours	$0	1
555		Client Review & Revisions		1 Hour	$0	0.12 Days	10/30/26	10/31/26	0%	0 Hours	$0	1
556		Final Packaging		0 Hours	$0	0 Days	10/31/26	10/31/26	0%	0 Hours	$0	0
557		Final Packaging		15 Hours	$0	1.88 Days	10/31/26	11/4/26	0%	0 Hours	$0	15
558		Brand Do's & Dont's		24 Hours	$0	3 Days	11/4/26	11/7/26	0%	0 Hours	$0	24
559		Internal Review & Critique		0 Hours	$0	0 Days	11/7/26	11/7/26	0%	0 Hours	$0	0
560		Internal Review & Critique		1 Hour	$0	0.12 Days	11/7/26	11/7/26	0%	0 Hours	$0	1
561		Client Review & Revisions		0 Hours	$0	0 Days	11/7/26	11/7/26	0%	0 Hours	$0	0
562		Client Review & Revisions		1 Hour	$0	0.12 Days	11/7/26	11/7/26	0%	0 Hours	$0	1
563		Client Review & Revisions		1 Hour	$0	0.12 Days	11/7/26	11/7/26	0%	0 Hours	$0	1
564		Client Review & Revisions		1 Hour	$0	0.12 Days	11/7/26	11/7/26	0%	0 Hours	$0	1
565		Outline & Examples		0 Hours	$0	0 Days	11/7/26	11/7/26	0%	0 Hours	$0	0
566		Outline & Examples		1 Hour	$0	0.12 Days	11/7/26	11/7/26	0%	0 Hours	$0	1
567		Outline & Examples		19 Hours	$0	2.38 Days	11/7/26	11/13/26	0%	0 Hours	$0	19
568		Design Style Tile		17 Hours	$0	2.12 Days	11/13/26	11/17/26	0%	0 Hours	$0	17
569		Internal Review & Critique		0 Hours	$0	0 Days	11/17/26	11/17/26	0%	0 Hours	$0	0
570		Internal Review & Critique		1 Hour	$0	0.12 Days	11/17/26	11/17/26	0%	0 Hours	$0	1
571		Client Review & Revisions		0 Hours	$0	0 Days	11/17/26	11/17/26	0%	0 Hours	$0	0
572		Client Review & Revisions		1 Hour	$0	0.12 Days	11/17/26	11/17/26	0%	0 Hours	$0	1
573		Client Review & Revisions		1 Hour	$0	0.12 Days	11/17/26	11/17/26	0%	0 Hours	$0	1
574		Style Tile Build		0 Hours	$0	0 Days	11/17/26	11/17/26	0%	0 Hours	$0	0
575		Style Tile Build		1 Hour	$0	0.12 Days	11/17/26	11/17/26	0%	0 Hours	$0	1
576		Style Tile Build		13 Hours	$0	1.62 Days	11/17/26	11/19/26	0%	0 Hours	$0	13
577		Image Use Guidance		17 Hours	$0	2.12 Days	11/19/26	11/21/26	0%	0 Hours	$0	17
578		Internal Review & Critique		0 Hours	$0	0 Days	11/21/26	11/21/26	0%	0 Hours	$0	0
579		Internal Review & Critique		1 Hour	$0	0.12 Days	11/21/26	11/21/26	0%	0 Hours	$0	1
580		Client Review & Revisions		0 Hours	$0	0 Days	11/21/26	11/21/26	0%	0 Hours	$0	0
581		Client Review & Revisions		1 Hour	$0	0.12 Days	11/21/26	11/21/26	0%	0 Hours	$0	1
582		Client Review & Revisions		1 Hour	$0	0.12 Days	11/21/26	11/21/26	0%	0 Hours	$0	1
583		Examples & Callouts		0 Hours	$0	0 Days	11/21/26	11/21/26	0%	0 Hours	$0	0
584		Examples & Callouts		1 Hour	$0	0.12 Days	11/23/26	11/23/26	0%	0 Hours	$0	1
585		Examples & Callouts		13 Hours	$0	1.62 Days	11/23/26	11/25/26	0%	0 Hours	$0	13
586		Imagery Style		17 Hours	$0	2.12 Days	11/25/26	11/28/26	0%	0 Hours	$0	17
587		Internal Review & Critique		0 Hours	$0	0 Days	11/28/26	11/28/26	0%	0 Hours	$0	0
588		Internal Review & Critique		1 Hour	$0	0.12 Days	11/28/26	11/28/26	0%	0 Hours	$0	1
589		Client Review & Revisions		0 Hours	$0	0 Days	11/28/26	11/28/26	0%	0 Hours	$0	0
590		Client Review & Revisions		1 Hour	$0	0.12 Days	11/30/26	11/30/26	0%	0 Hours	$0	1
591		Client Review & Revisions		1 Hour	$0	0.12 Days	11/30/26	12/1/26	0%	0 Hours	$0	1
592		Examples & Callouts		0 Hours	$0	0 Days	12/1/26	12/1/26	0%	0 Hours	$0	0
593		Examples & Callouts		1 Hour	$0	0.12 Days	12/1/26	12/1/26	0%	0 Hours	$0	1
594		Examples & Callouts		13 Hours	$0	1.62 Days	12/1/26	12/2/26	0%	0 Hours	$0	13
595		Photo & Video Direction		18 Hours	$0	2.25 Days	12/2/26	12/5/26	0%	0 Hours	$0	18
596		Internal Review & Critique		0 Hours	$0	0 Days	12/5/26	12/5/26	0%	0 Hours	$0	0
597		Internal Review & Critique		1 Hour	$0	0.12 Days	12/5/26	12/5/26	0%	0 Hours	$0	1
598		Client Review & Revisions		0 Hours	$0	0 Days	12/5/26	12/5/26	0%	0 Hours	$0	0
599		Client Review & Revisions		1 Hour	$0	0.12 Days	12/5/26	12/5/26	0%	0 Hours	$0	1
600		Client Review & Revisions		1 Hour	$0	0.12 Days	12/5/26	12/5/26	0%	0 Hours	$0	1
601		Direction Pages		0 Hours	$0	0 Days	12/5/26	12/5/26	0%	0 Hours	$0	0
602		Direction Pages		1 Hour	$0	0.12 Days	12/5/26	12/5/26	0%	0 Hours	$0	1
603		Direction Pages		1 Hour	$0	0.12 Days	12/5/26	12/5/26	0%	0 Hours	$0	1
604		Direction Pages		13 Hours	$0	1.62 Days	12/5/26	12/9/26	0%	0 Hours	$0	13
605		Typography		13 Hours	$0	1.62 Days	12/9/26	12/10/26	0%	0 Hours	$0	13
606		Internal Review & Critique		0 Hours	$0	0 Days	12/10/26	12/10/26	0%	0 Hours	$0	0
607		Internal Review & Critique		1 Hour	$0	0.12 Days	12/10/26	12/11/26	0%	0 Hours	$0	1
608		Client Review & Revisions		0 Hours	$0	0 Days	12/11/26	12/11/26	0%	0 Hours	$0	0
609		Client Review & Revisions		1 Hour	$0	0.12 Days	12/11/26	12/11/26	0%	0 Hours	$0	1
610		Client Review & Revisions		1 Hour	$0	0.12 Days	12/11/26	12/11/26	0%	0 Hours	$0	1
611		Final Packaging		0 Hours	$0	0 Days	12/11/26	12/11/26	0%	0 Hours	$0	0
612		Final Packaging		10 Hours	$0	1.25 Days	12/11/26	12/12/26	0%	0 Hours	$0	10
613		Use Cases		16 Hours	$0	2 Days	12/12/26	12/16/26	0%	0 Hours	$0	16
614		Internal Review & Critique		0 Hours	$0	0 Days	12/16/26	12/16/26	0%	0 Hours	$0	0
615		Internal Review & Critique		1 Hour	$0	0.12 Days	12/16/26	12/16/26	0%	0 Hours	$0	1
616		Client Review & Revisions		0 Hours	$0	0 Days	12/16/26	12/16/26	0%	0 Hours	$0	0
617		Client Review & Revisions		1 Hour	$0	0.12 Days	12/16/26	12/16/26	0%	0 Hours	$0	1
618		Client Review & Revisions		1 Hour	$0	0.12 Days	12/16/26	12/16/26	0%	0 Hours	$0	1
619		Final Packaging		0 Hours	$0	0 Days	12/16/26	12/16/26	0%	0 Hours	$0	0
620		Final Packaging		13 Hours	$0	1.62 Days	12/16/26	12/18/26	0%	0 Hours	$0	13
621		Graphic Treatment Direction		11 Hours	$0	1.38 Days	12/18/26	12/21/26	0%	0 Hours	$0	11
622		Client Review & Revisions		0 Hours	$0	0 Days	12/21/26	12/21/26	0%	0 Hours	$0	0
623		Client Review & Revisions		1 Hour	$0	0.12 Days	12/21/26	12/22/26	0%	0 Hours	$0	1
624		Client Review & Revisions		2 Hours	$0	0.25 Days	12/22/26	12/22/26	0%	0 Hours	$0	2
625		Client Review & Revisions		5 Hours	$0	0.62 Days	12/22/26	12/22/26	0%	0 Hours	$0	5
626		Client Review & Revisions		2 Hours	$0	0.25 Days	12/22/26	12/23/26	0%	0 Hours	$0	2
627		Client Review & Revisions		1 Hour	$0	0.12 Days	12/23/26	12/23/26	0%	0 Hours	$0	1
		Content Planning & Creative Design		42 Hours	$0	7.5 Days	8/30/26	9/11/26	0%	0 Hours	$0	42
		Content Planning & Creative Design		14 Hours	$0	4 Days	8/30/26	9/4/26	0%	0 Hours	$0	14
630		Planning, Strategy & UX		14 Hours	$0	1.75 Days	9/4/26	9/9/26	0%	0 Hours	$0	14
631		Content Strategy & UX Plan		0 Hours	$0	0 Days	9/9/26	9/9/26	0%	0 Hours	$0	0
632		Content Strategy & UX Plan		3 Hours	$0	0.38 Days	9/9/26	9/9/26	0%	0 Hours	$0	3
633		Content Strategy & UX Plan		3 Hours	$0	0.38 Days	9/9/26	9/10/26	0%	0 Hours	$0	3
634		Content Strategy & UX Plan		4 Hours	$0	0.5 Days	9/10/26	9/10/26	0%	0 Hours	$0	4
635		Design Critique & Iteration		0 Hours	$0	0 Days	9/10/26	9/10/26	0%	0 Hours	$0	0
636		Design Critique & Iteration		1 Hour	$0	0.12 Days	9/10/26	9/10/26	0%	0 Hours	$0	1
637		Design Critique & Iteration		1 Hour	$0	0.12 Days	9/10/26	9/10/26	0%	0 Hours	$0	1
638		Stakeholder Review & Revisions		0 Hours	$0	0 Days	9/10/26	9/10/26	0%	0 Hours	$0	0
639		Stakeholder Review & Revisions		1 Hour	$0	0.12 Days	9/10/26	9/11/26	0%	0 Hours	$0	1
640		Stakeholder Review & Revisions		1 Hour	$0	0.12 Days	9/11/26	9/11/26	0%	0 Hours	$0	1
		Paid Media Strategy		147 Hours	$0	21.25 Days	1/12/26	2/12/26	0%	0 Hours	$0	147
		Paid Media Strategy		49 Hours	$0	9 Days	1/12/26	1/24/26	0%	0 Hours	$0	49
643		Audience Research		4 Hours	$0	0.5 Days	1/26/26	1/27/26	0%	0 Hours	$0	4
644		Audience Build & Rationale		0 Hours	$0	0 Days	1/27/26	1/27/26	0%	0 Hours	$0	0
645		Audience Build & Rationale		2 Hours	$0	0.25 Days	1/27/26	1/27/26	0%	0 Hours	$0	2
646		Audience Build & Rationale		1 Hour	$0	0.12 Days	1/27/26	1/27/26	0%	0 Hours	$0	1
647		Internal Review & Critique		0 Hours	$0	0 Days	1/27/26	1/27/26	0%	0 Hours	$0	0
648		Client Review & Revisions		0 Hours	$0	0 Days	1/27/26	1/27/26	0%	0 Hours	$0	0
649		Client Review & Revisions		1 Hour	$0	0.12 Days	1/27/26	1/27/26	0%	0 Hours	$0	1
650		Keyword List Development		5 Hours	$0	0.62 Days	1/27/26	1/28/26	0%	0 Hours	$0	5
651		Keyword Discovery		0 Hours	$0	0 Days	1/28/26	1/28/26	0%	0 Hours	$0	0
652		Keyword Discovery		2 Hours	$0	0.25 Days	1/28/26	1/28/26	0%	0 Hours	$0	2
653		List Development & Grouping		0 Hours	$0	0 Days	1/28/26	1/28/26	0%	0 Hours	$0	0
654		List Development & Grouping		2 Hours	$0	0.25 Days	1/28/26	1/28/26	0%	0 Hours	$0	2
655		Internal Review & Critique		0 Hours	$0	0 Days	1/28/26	1/28/26	0%	0 Hours	$0	0
656		Client Review & Revisions		0 Hours	$0	0 Days	1/28/26	1/28/26	0%	0 Hours	$0	0
657		Client Review & Revisions		1 Hour	$0	0.12 Days	1/28/26	1/29/26	0%	0 Hours	$0	1
658		Paid Media & Paid Creative Audit		7 Hours	$0	0.88 Days	1/29/26	1/29/26	0%	0 Hours	$0	7
659		Platform/Creative Audit		0 Hours	$0	0 Days	1/29/26	1/29/26	0%	0 Hours	$0	0
660		Platform/Creative Audit		1 Hour	$0	0.12 Days	1/29/26	1/30/26	0%	0 Hours	$0	1
661		Platform/Creative Audit		1 Hour	$0	0.12 Days	1/30/26	1/30/26	0%	0 Hours	$0	1
662		Platform/Creative Audit		1 Hour	$0	0.12 Days	1/30/26	1/30/26	0%	0 Hours	$0	1
663		Findings Deck		0 Hours	$0	0 Days	1/30/26	1/30/26	0%	0 Hours	$0	0
664		Findings Deck		2 Hours	$0	0.25 Days	1/30/26	1/30/26	0%	0 Hours	$0	2
665		Internal Review & Critique		0 Hours	$0	0 Days	1/30/26	1/30/26	0%	0 Hours	$0	0
666		Internal Review & Critique		1 Hour	$0	0.12 Days	1/30/26	1/30/26	0%	0 Hours	$0	1
667		Client Review & Revisions		0 Hours	$0	0 Days	1/30/26	1/30/26	0%	0 Hours	$0	0
668		Client Review & Revisions		1 Hour	$0	0.12 Days	1/30/26	1/30/26	0%	0 Hours	$0	1
669		Mock Ad Examples		5 Hours	$0	0.62 Days	1/30/26	1/31/26	0%	0 Hours	$0	5
670		Concept & Copy		0 Hours	$0	0 Days	1/31/26	1/31/26	0%	0 Hours	$0	0
671		Concept & Copy		1 Hour	$0	0.12 Days	1/31/26	1/31/26	0%	0 Hours	$0	1
672		Concept & Copy		1 Hour	$0	0.12 Days	1/31/26	1/31/26	0%	0 Hours	$0	1
673		Design (3-4 mocks)		0 Hours	$0	0 Days	1/31/26	1/31/26	0%	0 Hours	$0	0
674		Design (3-4 mocks)		1 Hour	$0	0.12 Days	1/31/26	1/31/26	0%	0 Hours	$0	1
675		Internal Review & Critique		0 Hours	$0	0 Days	1/31/26	1/31/26	0%	0 Hours	$0	0
676		Client Review & Revisions		0 Hours	$0	0 Days	1/31/26	1/31/26	0%	0 Hours	$0	0
677		Client Review & Revisions		1 Hour	$0	0.12 Days	2/2/26	2/2/26	0%	0 Hours	$0	1
678		Final Packaging		0 Hours	$0	0 Days	2/2/26	2/2/26	0%	0 Hours	$0	0
679		Final Packaging		1 Hour	$0	0.12 Days	2/2/26	2/3/26	0%	0 Hours	$0	1
680		Campaigns		7 Hours	$0	0.88 Days	2/3/26	2/3/26	0%	0 Hours	$0	7
681		Campaign Architecture		0 Hours	$0	0 Days	2/3/26	2/3/26	0%	0 Hours	$0	0
682		Campaign Architecture		3 Hours	$0	0.38 Days	2/3/26	2/4/26	0%	0 Hours	$0	3
683		Campaign Architecture		3 Hours	$0	0.38 Days	2/4/26	2/4/26	0%	0 Hours	$0	3
684		Internal Review & Critique		0 Hours	$0	0 Days	2/4/26	2/4/26	0%	0 Hours	$0	0
685		Client Review & Revisions		0 Hours	$0	0 Days	2/4/26	2/4/26	0%	0 Hours	$0	0
686		Client Review & Revisions		1 Hour	$0	0.12 Days	2/4/26	2/4/26	0%	0 Hours	$0	1
687		Ad Funnel		5 Hours	$0	0.62 Days	2/4/26	2/5/26	0%	0 Hours	$0	5
688		Internal Review & Critique		0 Hours	$0	0 Days	2/5/26	2/5/26	0%	0 Hours	$0	0
689		Client Review & Revisions		0 Hours	$0	0 Days	2/5/26	2/5/26	0%	0 Hours	$0	0
690		Client Review & Revisions		1 Hour	$0	0.12 Days	2/5/26	2/5/26	0%	0 Hours	$0	1
691		Messaging/Asset Mapping		0 Hours	$0	0 Days	2/5/26	2/5/26	0%	0 Hours	$0	0
692		Messaging/Asset Mapping		2 Hours	$0	0.25 Days	2/5/26	2/5/26	0%	0 Hours	$0	2
693		Messaging/Asset Mapping		2 Hours	$0	0.25 Days	2/5/26	2/6/26	0%	0 Hours	$0	2
694		Budget Distribution		2 Hours	$0	0.25 Days	2/6/26	2/6/26	0%	0 Hours	$0	2
695		Internal Review & Critique		0 Hours	$0	0 Days	2/6/26	2/6/26	0%	0 Hours	$0	0
696		Client Review & Revisions		0 Hours	$0	0 Days	2/6/26	2/6/26	0%	0 Hours	$0	0
697		Client Review & Revisions		1 Hour	$0	0.12 Days	2/6/26	2/6/26	0%	0 Hours	$0	1
698		Allocation Modeling		0 Hours	$0	0 Days	2/6/26	2/6/26	0%	0 Hours	$0	0
699		Allocation Modeling		1 Hour	$0	0.12 Days	2/6/26	2/6/26	0%	0 Hours	$0	1
700		Identification of Media Needs		4 Hours	$0	0.5 Days	2/6/26	2/7/26	0%	0 Hours	$0	4
701		Internal Review & Critique		0 Hours	$0	0 Days	2/7/26	2/7/26	0%	0 Hours	$0	0
702		Client Review & Revisions		0 Hours	$0	0 Days	2/7/26	2/7/26	0%	0 Hours	$0	0
703		Client Review & Revisions		1 Hour	$0	0.12 Days	2/7/26	2/7/26	0%	0 Hours	$0	1
704		Needs Matrix (Assets/Specs/Formats)		0 Hours	$0	0 Days	2/7/26	2/7/26	0%	0 Hours	$0	0
705		Needs Matrix (Assets/Specs/Formats)		2 Hours	$0	0.25 Days	2/7/26	2/7/26	0%	0 Hours	$0	2
706		Needs Matrix (Assets/Specs/Formats)		1 Hour	$0	0.12 Days	2/7/26	2/7/26	0%	0 Hours	$0	1
707		Paid Media Recommendations		4 Hours	$0	0.5 Days	2/7/26	2/10/26	0%	0 Hours	$0	4
708		Internal Review & Critique		0 Hours	$0	0 Days	2/10/26	2/10/26	0%	0 Hours	$0	0
709		Client Review & Revisions		0 Hours	$0	0 Days	2/10/26	2/10/26	0%	0 Hours	$0	0
710		Client Review & Revisions		1 Hour	$0	0.12 Days	2/10/26	2/10/26	0%	0 Hours	$0	1
711		Prioritized Recs		0 Hours	$0	0 Days	2/10/26	2/10/26	0%	0 Hours	$0	0
712		Prioritized Recs		1 Hour	$0	0.12 Days	2/10/26	2/10/26	0%	0 Hours	$0	1
713		Prioritized Recs		1 Hour	$0	0.12 Days	2/10/26	2/10/26	0%	0 Hours	$0	1
714		Prioritized Recs		1 Hour	$0	0.12 Days	2/10/26	2/10/26	0%	0 Hours	$0	1
715		Platform Identification		3 Hours	$0	0.38 Days	2/10/26	2/10/26	0%	0 Hours	$0	3
716		Internal Review & Critique		0 Hours	$0	0 Days	2/10/26	2/10/26	0%	0 Hours	$0	0
717		Client Review & Revisions		0 Hours	$0	0 Days	2/10/26	2/10/26	0%	0 Hours	$0	0
718		Client Review & Revisions		1 Hour	$0	0.12 Days	2/10/26	2/11/26	0%	0 Hours	$0	1
719		Platform Fit Assessment		0 Hours	$0	0 Days	2/11/26	2/11/26	0%	0 Hours	$0	0
720		Platform Fit Assessment		1 Hour	$0	0.12 Days	2/11/26	2/11/26	0%	0 Hours	$0	1
721		Platform Fit Assessment		1 Hour	$0	0.12 Days	2/11/26	2/11/26	0%	0 Hours	$0	1
722		Target Audience & Demographics		3 Hours	$0	0.38 Days	2/11/26	2/11/26	0%	0 Hours	$0	3
723		Internal Review & Critique		0 Hours	$0	0 Days	2/11/26	2/11/26	0%	0 Hours	$0	0
724		Client Review & Revisions		0 Hours	$0	0 Days	2/11/26	2/11/26	0%	0 Hours	$0	0
725		Client Review & Revisions		1 Hour	$0	0.12 Days	2/11/26	2/11/26	0%	0 Hours	$0	1
726		Audience Definition		0 Hours	$0	0 Days	2/11/26	2/11/26	0%	0 Hours	$0	0
727		Audience Definition		1 Hour	$0	0.12 Days	2/11/26	2/11/26	0%	0 Hours	$0	1
728		Audience Definition		1 Hour	$0	0.12 Days	2/11/26	2/12/26	0%	0 Hours	$0	1
		Social Content Creator Production Management		114 Hours	$0	17.5 Days	8/31/26	9/25/26	0%	0 Hours	$0	114
		Social Content Creator Production Management		38 Hours	$0	8 Days	8/31/26	9/11/26	0%	0 Hours	$0	38
731		Influencer/Creator Research & Sourcing		3 Hours	$0	0.38 Days	9/11/26	9/12/26	0%	0 Hours	$0	3
732		AM Sync		0 Hours	$0	0 Days	9/12/26	9/12/26	0%	0 Hours	$0	0
733		AM Sync		1 Hour	$0	0.12 Days	9/12/26	9/12/26	0%	0 Hours	$0	1
734		AM Sync		2 Hours	$0	0.25 Days	9/12/26	9/12/26	0%	0 Hours	$0	2
735		Creative Brief Development & Influencer Direction		9 Hours	$0	1.12 Days	9/12/26	9/15/26	0%	0 Hours	$0	9
736		Brief Writing		0 Hours	$0	0 Days	9/15/26	9/15/26	0%	0 Hours	$0	0
737		Brief Writing		2 Hours	$0	0.25 Days	9/15/26	9/15/26	0%	0 Hours	$0	2
738		Brief Writing		1 Hour	$0	0.12 Days	9/15/26	9/15/26	0%	0 Hours	$0	1
739		Brief Writing		1 Hour	$0	0.12 Days	9/15/26	9/16/26	0%	0 Hours	$0	1
740		Brief Deck Polish		0 Hours	$0	0 Days	9/16/26	9/16/26	0%	0 Hours	$0	0
741		Brief Deck Polish		5 Hours	$0	0.62 Days	9/16/26	9/16/26	0%	0 Hours	$0	5
742		Campaign Set Up		4 Hours	$0	0.5 Days	9/16/26	9/17/26	0%	0 Hours	$0	4
743		Schedule & Milestones		0 Hours	$0	0 Days	9/17/26	9/17/26	0%	0 Hours	$0	0
744		Schedule & Milestones		2 Hours	$0	0.25 Days	9/17/26	9/17/26	0%	0 Hours	$0	2
745		Creator Comms Plan		0 Hours	$0	0 Days	9/17/26	9/17/26	0%	0 Hours	$0	0
746		Creator Comms Plan		1 Hour	$0	0.12 Days	9/17/26	9/17/26	0%	0 Hours	$0	1
747		Creator Comms Plan		1 Hour	$0	0.12 Days	9/17/26	9/17/26	0%	0 Hours	$0	1
748		Creative Production Assistance		4 Hours	$0	0.5 Days	9/17/26	9/18/26	0%	0 Hours	$0	4
749		Shot List Review		0 Hours	$0	0 Days	9/18/26	9/18/26	0%	0 Hours	$0	0
750		Shot List Review		1 Hour	$0	0.12 Days	9/18/26	9/18/26	0%	0 Hours	$0	1
751		Asset QA		0 Hours	$0	0 Days	9/18/26	9/18/26	0%	0 Hours	$0	0
752		Asset QA		1 Hour	$0	0.12 Days	9/18/26	9/18/26	0%	0 Hours	$0	1
753		Asset QA		2 Hours	$0	0.25 Days	9/18/26	9/18/26	0%	0 Hours	$0	2
754		Influencer Assets		3 Hours	$0	0.38 Days	9/18/26	9/19/26	0%	0 Hours	$0	3
755		Usage/Legal Check		0 Hours	$0	0 Days	9/19/26	9/19/26	0%	0 Hours	$0	0
756		Usage/Legal Check		1 Hour	$0	0.12 Days	9/19/26	9/19/26	0%	0 Hours	$0	1
757		Asset Guidance & Specs		0 Hours	$0	0 Days	9/19/26	9/19/26	0%	0 Hours	$0	0
758		Asset Guidance & Specs		1 Hour	$0	0.12 Days	9/19/26	9/19/26	0%	0 Hours	$0	1
759		Asset Guidance & Specs		1 Hour	$0	0.12 Days	9/19/26	9/19/26	0%	0 Hours	$0	1
760		Influencer-Specific Performance Recap Report		7 Hours	$0	0.88 Days	9/19/26	9/22/26	0%	0 Hours	$0	7
761		Data Pull & Recap		0 Hours	$0	0 Days	9/22/26	9/22/26	0%	0 Hours	$0	0
762		Data Pull & Recap		1 Hour	$0	0.12 Days	9/22/26	9/22/26	0%	0 Hours	$0	1
763		Data Pull & Recap		3 Hours	$0	0.38 Days	9/22/26	9/22/26	0%	0 Hours	$0	3
764		Data Pull & Recap		1 Hour	$0	0.12 Days	9/22/26	9/22/26	0%	0 Hours	$0	1
765		Data Pull & Recap		2 Hours	$0	0.25 Days	9/22/26	9/23/26	0%	0 Hours	$0	2
766		Influencer Spend Agreements		2 Hours	$0	0.25 Days	9/23/26	9/23/26	0%	0 Hours	$0	2
767		Budget Doc & Approvals		0 Hours	$0	0 Days	9/23/26	9/23/26	0%	0 Hours	$0	0
768		Budget Doc & Approvals		1 Hour	$0	0.12 Days	9/23/26	9/23/26	0%	0 Hours	$0	1
769		Budget Doc & Approvals		1 Hour	$0	0.12 Days	9/23/26	9/23/26	0%	0 Hours	$0	1
770		Creator Briefing		3 Hours	$0	0.38 Days	9/23/26	9/24/26	0%	0 Hours	$0	3
771		Kickoff Call & Q&A		0 Hours	$0	0 Days	9/24/26	9/24/26	0%	0 Hours	$0	0
772		Kickoff Call & Q&A		1 Hour	$0	0.12 Days	9/24/26	9/24/26	0%	0 Hours	$0	1
773		Kickoff Call & Q&A		1 Hour	$0	0.12 Days	9/24/26	9/24/26	0%	0 Hours	$0	1
774		Kickoff Call & Q&A		1 Hour	$0	0.12 Days	9/24/26	9/24/26	0%	0 Hours	$0	1
775		Influencer Sourcing, Contracting & Management		3 Hours	$0	0.38 Days	9/24/26	9/24/26	0%	0 Hours	$0	3
776		Contracting		0 Hours	$0	0 Days	9/24/26	9/24/26	0%	0 Hours	$0	0
777		Contracting		1 Hour	$0	0.12 Days	9/24/26	9/24/26	0%	0 Hours	$0	1
778		Contracting		1 Hour	$0	0.12 Days	9/24/26	9/25/26	0%	0 Hours	$0	1
779		Contracting		1 Hour	$0	0.12 Days	9/25/26	9/25/26	0%	0 Hours	$0	1
		Phase 1 Complete (25%)		0 Hours	$0	0 Days	11/9/25	11/9/25	0%	0 Hours	$0	0
		Phase 2 Complete (50%)		0 Hours	$0	0 Days	11/9/25	11/9/25	0%	0 Hours	$0	0
		Phase 3 Complete (75%)		0 Hours	$0	0 Days	11/9/25	11/9/25	0%	0 Hours	$0	0
